strain,insertion: 20bp @ ref pos 0,insertion: 2bp @ ref pos 7,insertion: 1bp @ ref pos 61,insertion: 1bp @ ref pos 98,insertion: 2bp @ ref pos 696,insertion: 136bp @ ref pos 924,insertion: 1bp @ ref pos 1779,insertion: 1bp @ ref pos 3705,insertion: 138bp @ ref pos 3843,insertion: 146bp @ ref pos 3974,insertion: 544bp @ ref pos 4641,insertion: 1bp @ ref pos 5121,insertion: 38bp @ ref pos 5177,insertion: 1bp @ ref pos 7162,insertion: 249bp @ ref pos 7319,insertion: 1bp @ ref pos 8067,insertion: 130bp @ ref pos 8831,insertion: 638bp @ ref pos 9225,insertion: 228bp @ ref pos 10183,insertion: 23bp @ ref pos 10214,insertion: 31bp @ ref pos 10233,insertion: 7bp @ ref pos 10245,insertion: 16bp @ ref pos 10331,insertion: 1bp @ ref pos 10532,insertion: 1bp @ ref pos 10644,insertion: 1bp @ ref pos 10726,insertion: 256bp @ ref pos 10755,insertion: 137bp @ ref pos 10769
KY766069,CTGTGT,,T,,,,,,,,,,,,,,,,,,,,,,,,TTAAGAATTCCACCAAAAAGAATTCTGCTGCCATACCATCTCCGAGGATGTCCCATAAACTTGGTTGCAGAGTTTTGTGAAATGTTGCACTCCAGTAGAAGGCAGCAGACTAGGCTGGGCGTGGCGGCTCATGCCTGTAATCCCAGCACTTTGGGAGGTTGAGGCAGGTGGATCACCTGAGGTCAGGAGTTCGAGACCAGCTTGGCCAACATGGTGAAACCCCGTCTCTACTAGAAACACAAACAATTAGCCAGGC,TGTAATCCTAGCTACTCGGGAGACTGAGGCAGGAGAATTGCTTGAACCCAGGAGGCAGAGGTTGCAGTGAGCTGAGATCGCACCATTGCACTCCAGCCTGGGCGACAGAGCAAGACTCCGTCT
MH882544,CTGTGT,,T,,,,,,,,,,,,,,,,,,,,,,,,,
MK269359,CTGTGT,,T,,,,,,,,,,,,,,,,,,,,,,,,,TGTGGGGAAATCCAT
KY325464,CTGTGT,,T,,,,,,,,,,,,,,,,,,,,,,,,,TGTGGGGAAATCCA
OQ338853,CTGTGT,,T,,,,,,,,,,,,,,,,,,,,,,,,,
KJ776791,AGTTGTTGATCTGTGT,,T,,,,,,,,,,,,,,,,,,,,,,,,,TGTGGGGAAATCCATGGGTCT
KX806557,AGTTGTTGATCTGTGT,,T,,,,,,,,,,,,,,,,,,,,,,,,,TGTGGGGAAATCCATGGGTCT
PP316139,AGTTGTTGATCTGTGT,,T,,,,,,,,,,,,,,,,,,,,,,,,,TGTGGGGAAATCCATGGGTCTT
PP316140,AGTTGTTGATCTGTGT,,T,,,,,,,,,,,,,,,,,,,,,,,,,TGTGGGGAAATCCATGGGTCTT
MF073358,AGTTGTTGATCTGTGT,,T,,,,,,,,,,,,,,,,,,,,,,,,,TGTGGGGAAATCCATGGGTCT
MF073359,AGTTGTTGATCTGTGT,,T,,,,,,,,,,,,,,,,,,,,,,,,,TGTGGGGAAATCCATGGGTCT
KU926309,AGTTGTTGATCTGTGT,,T,,,,,,,,,,,,,,,,,,,,,,,,,TGTGGGGAAATCCATGGGTCT
KY272991,AGTTGTTGATCTGTGT,,T,,,,,,,,,,,,,,,,,,,,,,,,,TGTGGGGAAATCCATGGGTCT
MN577543,AGTTGTTGATCTGTGT,,T,,,,,,,,,,,,,,,,,,,,,,,,,TGTGGGGAAATCCATGGGTCTT
KY348640,AGTTGTTGATCTGTGT,,T,,,,,,,,,,,,,,,,,,,,,,,,,TGTGGGGAAATCCATGGGTCT
MF073357,AGTTGTTGATCTGTGT,,T,,,,,,,,,,,,,,,,,,,,,,,,,TGTGGGGAAATCCATGGGTCT
KX377337,AGTTGTTGATCTGTGT,,T,,,,,,,,,,,,,,,,,,,,,,,,,TGTGGGGAAATCCATGGGTCT
MH675624,AGTTGTTGATCTGTGT,,T,,,,,,,,,,,,,,,,,,,,,,,,,TGTGGGGAAATCCATGGGTCT
MH675620,AGTTGTTGATCTGTGT,,T,,,,,,,,,,,,,,,,,,,,,,,,,TGTGGGGAAATCCATGGGTCT
MH675622,AGTTGTTGATCTGTGT,,T,,,,,,,,,,,,,,,,,,,,,,,,,TGTGGGGAAATCCATGGGTCT
MH675623,AGTTGTTGATCTGTGT,,T,,,,,,,,,,,,,,,,,,,,,,,,,TGTGGGGAAATCCATGGGTCT
MH675621,AGTTGTTGATCTGTGT,,T,,,,,,,,,,,,,,,,,,,,,,,,,TGTGGGGAAATCCATGGGTCT
MH675619,AGTTGTTGATCTGTGT,,T,,,,,,,,,,,,,,,,,,,,,,,,,TGTGGGGAAATCCATGGGTCT
MH675628,AGTTGTTGATCTGTGT,,T,,,,,,,,,,,,,,,,,,,,,,,,,TGTGGGGAAATCCATGGGTCT
MH675626,AGTTGTTGATCTGTGT,,T,,,,,,,,,,,,,,,,,,,,,,,,,TGTGGGGAAATCCATGGGTCT
MT636065,AGTTGTTGATCTGTGT,,T,,,,,,,,,,,,,,,,,,,,,,,,,TGTGGGGAAATCCATGGGTCT
KU853012,AGTTGTTGATCTGTGT,,T,,,,,,,,,,,,,,,,,,,,,,,,,
KX269878,AGTTGTTGATCTGTGT,,T,,,,,,,,,,,,,,,,,,,,,,,,,
MN566104,AGTTGTTGATCTGTGT,,T,,,,,,,,,,,,,,,,,,,,,,,,,TGTGGGGAAATCCATGGGTCTT
MN566105,AGTTGTTGATCTGTGT,,T,,,,,,,,,,,,,,,,,,,,,,,,,TGTGGGGAAATCCATGGGTCTT
MN566107,AGTTGTTGATCTGTGT,,T,,,,,,,,,,,,,,,,,,,,,,,,,TGTGGGGAAATCCATGGGTCTT
MN566108,AGTTGTTGATCTGTGT,,T,,,,,,,,,,,,,,,,,,,,,,,,,TGTGGGGAAATCCATGGGTCTT
MN566106,AGTTGTTGATCTGTGT,,T,,,,,,,,,,,,,,,,,,,,,,,,,TGTGGGGAAATCCATGGGTCTT
OL450364,AGTTGTTGATCTGTGT,,T,,,,,,,,,,,,,,,,,,,,,,,,,TGTGGGGAAATCCATGGGTCTT
OL450365,AGTTGTTGATCTGTGT,,T,,,,,,,,,,,,,,,,,,,,,,,,,TGTGGGGAAATCCATGGGTCTT
OL450366,AGTTGTTGATCTGTGT,,T,,,,,,,,,,,,,,,,,,,,,,,,,TGTGGGGAAATCCATGGGTCTT
MH675630,AGTTGTTGATCTGTGT,,T,,,,,,,,,,,,,,,,,,,,,,,,,TGTGGGGAAATCCATGGGTCT
MN577550,AGTTGTTGATCTGTGT,,T,,,,,,,,,,,,,,,,,,,,,,,,,TGTGGGGAAATCCATGGGTCT
KY606272,AGTTGTTGATCTGTGT,,T,,,,,,,,,,,,,,,,,,,,,,,,,TGTGGGGA
ON586853,AGTTGTTGATCTGTGT,,T,,,,,,,,,,,,,,,,,,,,,,,,,TGTGGGGA
KY631494,AGTTGTTGATCTGTGT,,T,,,,,,,,,,,,,,,,,,,,,,,,,
KY606273,AGTTGTTGATCTGTGT,,T,,,,,,,,,,,,,,,,,,,,,,,,,
KX253996,AGTTGTTGATCTGTGT,,T,,,,,,,,,,,,,,,,,,,,,,,,,TGTGGGGAAATCCATGGGTCT
MG674718,AGTTGTTGATCTGTGT,,T,,,,,,,,,,,,,,,,,,,,,,,,,TGTGGGGAAATCCATGGGTCT
MG674719,AGTTGTTGATCTGTGT,,T,,,,,,,,,,,,,,,,,,,,,,,,,TGTGGGGAAATCCATGGGTCT
LC191864,AGTTGTTGATCTGTGT,,T,,,,,,,,,,,,,,,,,,,,,,,,,TGTGGGGAAATCCATGGTTTC
MN577544,AGTTGTTGATCTGTGT,,T,,,,,,,,,,,,,,,,,,,,,,,,,TGTGGGGAAATCCATGGGTCTT
MW915411,AGTTGTTGATCTGTGT,,T,,,,,,,,,,,,,,,,,,,,,,,,,
MW915414,AGTTGTTGATCTGTGT,,T,,,,,,,,,,,,,,,,,,,,,,,,,
MW915413,AGTTGTTGATCTGTGT,,T,,,,,,,,,,,,,,,,,,,,,,,,,
MW915412,AGTTGTTGATCTGTGT,,T,,,,,,,,,,,,,,,,,,,,,,,,,
KU681081,AGTTGTTGATCTGTGT,,T,,,,,,,,,,,,,,,,,,,,,,,,,TGTGGGGAAATCCATGGGTCT
MG807647,AGTTGTTGATCTGTGT,,T,,,,,,,,,,,,,,,,,,,,,,,,,TGTGGGGAAATCCATGGGTCT
MT377496,AGTTGTTGATCTGTGT,,T,,,,,,,,,,,,,,,,,,,,,,,,,
MT377499,AGTTGTTGATCTGTGT,,T,,,,,,,,,,,,,,,,,,,,,,,,,
MG807646,AGTTGTTGATCTGTGT,,T,,,,,,,,,,,,,,,,,,,,,,,,,TGTGGGGAAATCCATGGGTCT
MT377500,AGTTGTTGATCTGTGT,,T,,,,,,,,,,,,,,,,,,,,,,,,,
MF996804,AGTTGTTGATCTGTGT,,T,,,,,,,,,,,,,,,,,,,,,,,,,TGTGGGGAAATCCATGGGTCT
MG548661,AGTTGTTGATCTGTGT,,T,,,,,,,,,,,,,,,,,,,,,,,,,TGTGGGGAAATCCATGGGTCT
MG548660,AGTTGTTGATCTGTGT,,T,,,,,,,,,,,,,,,,,,,,,,,,,TGTGGGGAAATCCATGGGTCT
ON209935,AGTTGTTGATCTGTGT,,T,,,,,,,,,,,,,,,,,,,,,,,,,
MN190155,AGTTGTTGATCTGTGT,,T,,,,,,,,,,,,,,,,,,,,,,,,,
MN611472,AGTTGTTGATCTGTGT,,T,,,,,,,,,,,,,,,,,,,,,,,,,TGTGGGGAAATCCATGGGTCT
KY272987,AGTTGTTGATCTGTGT,,T,,,,,,,,,,,,,,,,,,,,,,,,,TGTGGGGAAATCCATGGGTCT
MT377493,AGTTGTTGATCTGTGT,,T,,,,,,,,,,,,,,,,,,,,,,,,,
PQ551088,AGTTGTTGATCTGTGT,,,,,,,,,,,,,,,,,,,,,,,,,,,
KY606274,AGTTGTTGATCTGTGT,,T,,,,,,,,,,,,,,,,,,,,,,,,,
KU321639,GTTGTTACTGTTGCT,,,,,,,,,,,,,,,,,,,,,,,,,,,
MT483911,GTTGTTACTGTTGCT,,,,,,,,,,,,,,,,,,,,,,,,,,,
KU509998,AGTTGTTACTGTTGCT,,,,,,,,,,,,,,,,,,,,,,,,,,,TGTGGGGAAATCCATGGGTCTT
KX051563,AGTTGTTACTGTTGCT,,T,,,,,,,,,,,,,,,,,,,,,,,,,TGTGGGGAAATCCATGGGTCTT
KX247646,AGTTGTTACTGTTGCT,,T,,,,,,,,,,,,,,,,,,,,,,,,,TGTGGGGAAATCCATGGGTCTT
KX702400,AGTTGTTACTGTTGCT,,T,,,,,,,,,,,,,,,,,,,,,,,,,TGTGGGGAAATCCATGGGTCTT
MF352141,CTCTTCCGATCTGTGT,,T,,,,,,,,,,,,,,,,,,,,,,,,,TGTGGGGAAATCCATGG
KX197205,TCTGTGT,,T,,,,,,,,,,,,,,,,,,,,,,,,,TGTGGGGAAATCCATGGGCCCCAGCTGTGGATCTCCAGAAGAGGGACTAGTGGTTAGAGGAGACCCCCCGGAAAACGCAAAACAGCG
KY325465,TCTGTGT,,T,,,,,,,,,,,,,,,,,,,,,,,,,TGTGGGGAAATCC
KY325479,TCTGTGT,,T,,,,,,,,,,,,,,,,,,,,,,,,,
KX266255,TCTGTGT,,T,,,,,,,,,,,,,,,,,,,,,,,,,TGTGGGGA
MH119185,TCTGTGT,,T,,,,,,,,,,,,,,,,,,,,,,,,,TGTGGGGAAATCCATG
OM666893,TCTGTGT,,,,,,,,,,,,,,,,,,,,,,,,,,,
KY014296,TGT,,T,,,,,,,,,,,,,,,,,,,,,,,,,TGTGGGGAAATCCAT
PP431251,TGT,,T,,,,,,,,,,,,,,,,,,,,,,,,,TGT
KY014303,TGT,,T,,,,,,,,,,,,,,,,,,,,,,,,,
MN124090,TGT,,T,,,,,,,,,,,,,,,,,,,,,,,,,
MN124091,TGT,,T,,,,,,,,,,,,,,,,,,,,,,,,,
PP431250,TGT,,T,,,,,,,,,,,,,,,,,,,,,,,,,
KY075934,TGT,,T,,,,,,,,,,,,,,,,,,,,,,,,,
MH882529,TGT,,T,,,,,,,,,,,,,,,,,,,,,,,,,
MH882530,TGT,,T,,,,,,,,,,,,,,,,,,,,,,,,,
MH882532,TGT,,T,,,,,,,,,,,,,,,,,,,,,,,,,
MH882535,TGT,,T,,,,,,,,,,,,,,,,,,,,,,,,,TGTG
MH882534,TGT,,T,,,,,,,,,,,,,,,,,,,,,,,,,
MH882536,TGT,,T,,,,,,,,,,,,,,,,,,,,,,,,,TGTGGGGAA
MH882539,TGT,,T,,,,,,,,,,,,,,,,,,,,,,,,,
MH882540,TGT,,T,,,,,,,,,,,,,,,,,,,,,,,,,
MH882547,TGT,,T,,,,,,,,,,,,,,,,,,,,,,,,,
MH882548,TGT,,T,,,,,,,,,,,,,,,,,,,,,,,,,TGTGGGGAA
KY014304,TGT,,T,,,,,,,,,,,,,,,,,,,,,,,,,TGTGGGGAAA
MK269357,TGT,,T,,,,,,,,,,,,,,,,,,,,,,,,,
OK054438,TGT,,T,,,,,,,,,,,,,,,,,,,,,,,,,TGTGGGGAA
OK054467,TGT,,T,,,,,,,,,,,,,,,,,,,,,,,,,
OK054461,TGT,,T,,,,,,,,,,,,,,,,,,,,,,,,,
OK054476,TGT,,T,,,,,,,,,,,,,,,,,,,,,,,,,
OK054425,TGT,,T,,,,,,,,,,,,,,,,,,,,,,,,,
OK054443,TGT,,T,,,,,,,,,,,,,,,,,,,,,,,,,
OK054444,TGT,,T,,,,,,,,,,,,,,,,,,,,,,,,,
OK054480,TGT,,T,,,,,,,,,,,,,,,,,,,,,,,,,
OK054473,TGT,,T,,,,,,,,,,,,,,,,,,,,,,,,,
OK054478,TGT,,T,,,,,,,,,,,,,,,,,,,,,,,,,
OK054429,TGT,,T,,,,,,,,,,,,,,,,,,,,,,,,,TGTGGGGAA
OK054440,TGT,,T,,,,,,,,,,,,,,,,,,,,,,,,,
OK054474,TGT,,T,,,,,,,,,,,,,,,,,,,,,,,,,
OK054470,TGT,,T,,,,,,,,,,,,,,,,,,,,,,,,,T
OK054471,TGT,,T,,,,,,,,,,,,,,,,,,,,,,,,,T
OK054456,TGT,,T,,,,,,,,,,,,,,,,,,,,,,,,,
OK054483,TGT,,T,,,,,,,,,,,,,,,,,,,,,,,,,TGTGGGG
OK054486,TGT,,T,,,,,,,,,,,,,,,,,,,,,,,,,
OK054458,TGT,,T,,,,,,,,,,,,,,,,,,,,,,,,,TGTGGG
OK054449,TGT,,T,,,,,,,,,,,,,,,,,,,,,,,,,
OK054457,TGT,,T,,,,,,,,,,,,,,,,,,,,,,,,,
OK054434,TGT,,T,,,,,,,,,,,,,,,,,,,,,,,,,TGTGGGGAA
OK054462,TGT,,T,,,,,,,,,,,,,,,,,,,,,,,,,
OK054426,TGT,,T,,,,,,,,,,,,,,,,,,,,,,,,,
OK054428,TGT,,T,,,,,,,,,,,,,,,,,,,,,,,,,TGTGGGGAA
OK054445,TGT,,T,,,,,,,,,,,,,,,,,,,,,,,,,
OK054447,TGT,,T,,,,,,,,,,,,,,,,,,,,,,,,,
OK054475,TGT,,T,,,,,,,,,,,,,,,,,,,,,,,,,
OK054463,TGT,,T,,,,,,,,,,,,,,,,,,,,,,,,,
OK054485,TGT,,T,,,,,,,,,,,,,,,,,,,,,,,,,TG
KU761560,TGT,,T,,,,,,,,,,,,,,,,,,,,,,,,,
KU761561,TGT,,T,,,,,,,,,,,,,,,,,,,,,,,,,
KX013000,TGT,,T,,,,,,,,,,,,,,,,,,,,,,,,,
MT377494,TGT,,T,,,,,,,,,,,,,,,,,,,,,,,A,,
OK054441,TGT,,T,,,,,,,,,,,,,,,,,,,,,,,,,
OQ338852,TGT,,T,,,,,,,,,,,,,,,,GAGACCTGAACATCAATCTTAATGTTGTCAGGCCTGCTAGTCAGCCACAGCTTGGGGA,AGCTGGGAAACCAAGCCTATAGT,CACGGAAGAAGCCATGCTGCCTGTGAGCCCC,GAGTCAA,ATCAGCTGTGGATCTC,,,,,
KX879603,AGTAGTTGATCTGTGT,,T,,,,,,,,,,,,,,,,,,,,,,,,,TGTGGGGAAATCCATGGGAGATCGGA
KX879604,CCGGAGTTGTTGATCTGTGT,,T,,,,,,,,,,,,,,,,,,,,,,,,,TGTGGGGAAATCCATGGGTC
MF794971,GAGTTGTTGATCTGTGT,,T,,,,,,,,,,,,,,,,,,,,,,,,,
KX906952,GAGTTGTTGATCTGTGT,,T,,,,,,,,,,,,,,,,,,,,,,,,,
KU820897,GGTTGTTGATCTGTGT,,T,,,,,,,,,,,,,,,,,,,,,,,,,TGTGGGGAAATCCATGGGTCT
OK571913,GGTTGTTGATCTGTGT,,T,,,,,,,,,,,,,,,,,,,,,,,,,TGTGGGGAAATCCATGGGTCT
KY989971,GGTTGTTGATCTGTGT,,T,,,,,,,,,,,,,,,,,,,,,,,,,TGTGGGGAAATCCATGGGTCT
KY328289,GGTTGTTGATCTGTGT,,T,,,,,,,,,,,,,,,,,,,,,,,,,TGTGGGGAAATCCATGGGTCT
MN100039,GTGT,,T,,,,,,,,,,,,,,,,,,,,,,,,,
MH882541,GTGT,,T,,,,,,,,,,,,,,,,,,,,,,,,,
MH882531,GTGT,,T,,,,,,,,,,,,,,,,,,,,,,,,,
MH882533,GTGT,,T,,,,,,,,,,,,,,,,,,,,,,,,,
MH882538,GTGT,,T,,,,,,,,,,,,,,,,,,,,,,,,,TGTGGGGAAA
MH882549,GTGT,,T,,,,,,,,,,,,,,,,,,,,,,,,,TGTGGGGAAA
KY325472,GTGT,,T,,,,,,,,,,,,,,,,,,,,,,,,,TGTGGGGAA
KY325473,GTGT,,T,,,,,,,,,,,,,,,,,,,,,,,,,TGTGGGGAAATC
MK238035,GTGT,,T,,,,,,,,,,,,,,,,,,,,,,,,,
OM666892,GTGT,,,,,,,,,,,,,,,,,,,,,,,,,,,
KU501215,GTTGTTGATCTGTGT,,T,,,,,,,,,,,,,,,,,,,,,,,,,
MK713748,GTTGTTGATCTGTGT,,T,,,,,,,,,,,,,,,,,,,,,,,,,
KU940228,GTTGTTGATCTGTGT,,,,,,,,,,,,,,,,,,,,,,,,,,,
KX262887,GTTGTTGATCTGTGT,,T,,,,,,,,,,,,,,,,,,,,,,,,,TGTGGGGAAATCCATGGGTCT
OM522327,GTTGTTGATCTGTGT,,T,,,,,,,,,,,,,,,,,,,,,,,,,TGTGGGGAAATCCATGGGTCT
KX101064,GTTGTTGATCTGTGT,,T,,,,,,,,,,,,,,,,,,,,,,,,,
KX766028,TTGATTGYCGT,,T,,,,,,,,,,,,,,,,,,,,,,,,,
KU497555,CCAATCTGT,,T,,,,,,,,,,,,,,,,,,,,,,,,,TGTGGGGAAATCCA
MH882543,GTTGATCTGTGT,,T,,,,,,,,,,,,,,,,,,,,,,,,,TGTGGGGAAA
KX051561,GTTGATCTGTGT,,T,,,,,,,,,,,,,,,,,,,,,,,,,TGTGGGGAAATCCATG
MH882545,TTGATCTGTGT,,T,,,,,,,,,,,,,,,,,,,,,,,,,TGTGGGGAAA
MH882546,TTGATCTGTGT,,T,,,,,,,,,,,,,,,,,,,,,,,,,TGTGGGGAAA
KY014295,GT,,T,,,,,,,,,,,,,,,,,,,,,,,,,TGTGGG
KY325477,GT,,T,,,,,,,,,,,,,,,,,,,,,,,,,
KY014321,GT,,T,,,,,,,,,,,,,,,,,,,,,,,,,TGTGGGGAAA
OK054407,GT,,T,,,,,,,,,,,,,,,,,,,,,,,,,TGTGGG
OK054388,GT,,T,,,,,,,,,,,,,,,,,,,,,,,,,
OK054415,GT,,T,,,,,,,,,,,,,,,,,,,,,,,,,TG
PQ567007,GT,,T,,,,,,,,,,,,,,,,,,,,,,,,,
KY325476,TGTGT,,T,,,,,,,,,,,,,,,,,,,,,,,,,TGTGGGGAAA
KX827268,TGTGT,,T,,,,,,,,,,,,,,,,,,,,,,,,,TGTGGGGAAATC
MT377491,TGTGT,,T,,,,,,,,,,,,,,,,,,,,,,,,,
OK054405,T,,T,,,,,,,,,,,,,,,,,,,,,,,,,
MH157201,T,,T,,,,,,,,,,,,,,,,,,,,,,,,,
KU870645,CTGTGTGT,,T,,,,,,,,,,,,,,,,,,,,,,,,,TGTGGGGAAATCCATGCAGC
KX766029,TTGATCTGYGT,,T,,,,,,,,,,,,,,,,,,,,,,,,,
MH157208,GCT,,T,,,,,,,,,,,,,,,,,,,,,,,,,
KU820899,GTTGTTTCTGTGT,,T,,,,,,,,,,,,,,,,,,,,,,,,,TGTGGGGAAATCCATGGGTCTT
KX117076,GTTGTTTCTGTGT,,T,,,,,,,,,,,,,,,,,,,,,,,,,TGTGGGGAAATCCATGGGTCTT
KY631492,ATAT,,T,,,,,,,,,,,,,,,,,,,,,,,,,
KX051560,GATCTGTGT,,T,,,,,,,,,,,,,,,,,,,,,,,,,TGTGGGGAAATCCATG
KX051562,GATCTGTGT,,T,,,,,,,,,,,,,,,,,,,,,,,,,TGTGGGGAAATCCATGGGTCT
OM666891,ATCTGTGT,,,,,,,,,,,,,G,,,,,,,,,,,,,,
OL423665,,CA,T,,,,,,,,,,,,,,,,,,,,,,,,,
KX447509,,,T,,,,,,,,,,,,,,,,,,,,,,,,,
KX447514,,,T,,,,,,,,,,,,,,,,,,,,,,,,,
KX447512,,,T,,,,,,,,,,,,,,,,,,,,,,,,,
KX447515,,,T,,,,,,,,,,,,,,,,,,,,,,,,,
KX447511,,,T,,,,,,,,,,,,,,,,,,,,,,,,,
KX447510,,,T,,,,,,,,,,,,,,,,,,,,,,,,,
KX447513,,,T,,,,,,,,,,,,,,,,,,,,,,,,,
KX447519,,,T,,,,,,,,,,,,,,,,,,,,,,,,,
KX447518,,,T,,,,,,,,,,,,,,,,,,,,,,,,,
KX447516,,,T,,,,,,,,,,,,,,,,,,,,,,,,,
KX447517,,,T,,,,,,,,,,,,,,,,,,,,,,,,,
MH513598,,,T,,,,,,,,,,,,,,,,,,,,,,,,,
MH513599,,,T,,,,,,,,,,,,,,,,,,,,,,,,,
OQ727567,,,T,,,,,,,,,,,,,,,,,,,,,,,,,
OQ727570,,,T,,,,,,,,,,,,,,,,,,,,,,,,,
OQ727575,,,T,,,,,,,,,,,,,,,,,,,,,,,,,
OQ727572,,,T,,,,,,,,,,,,,,,,,,,,,,,,,
OQ727574,,,T,,,,,,,,,,,,,,,,,,,,,,,,,
OQ727568,,,T,,,,,,,,,,,,,,,,,,,,,,,,,
OQ727571,,,T,,,,,,,,,,,,,,,,,,,,,,,,,
OQ727577,,,T,,,,,,,,,,,,,,,,,,,,,,,,,
OQ727578,,,T,,,,,,,,,,,,,,,,,,,,,,,,,
KY014320,,,T,,,,,,,,,,,,,,,,,,,,,,,,,
KY014317,,,T,,,,,,,,,,,,,,,,,,,,,,,,,
KY559031,,,T,,,,,,,,,,,,,,,,,,,,,,,,,
KY559027,,,T,,,,,,,,,,,,,,,,,,,,,,,,,
KY559032,,,T,,,,,,,,,,,,,,,,,,,,,,,,,
PP431214,,,T,,,,,,,,,,,,,,,,,,,,,,,,,
PP431215,,,T,,,,,,,,,,,,,,,,,,,,,,,,,
PP431216,,,T,,,,,,,,,,,,,,,,,,,,,,,,,
PP431217,,,T,,,,,,,,,,,,,,,,,,,,,,,,,
PP431236,,,T,,,,,,,,,,,,,,,,,,,,,,,,,
PP431240,,,T,,,,,,,,,,,,,,,,,,,,,,,,,
PP431234,,,T,,,,,,,,,,,,,,,,,,,,,,,,,
PP431246,,,T,,,,,,,,,,,,,,,,,,,,,,,,,
PP431220,,,T,,,,,,,,,,,,,,,,,,,,,,,,,
PP431232,,,T,,,,,,,,,,,,,,,,,,,,,,,,,
PP431230,,,T,,,,,,,,,,,,,,,,,,,,,,,,,
PP431223,,,T,,,,,,,,,,,,,,,,,,,,,,,,,
PP431228,,,T,,,,,,,,,,,,,,,,,,,,,,,,,
MK049248,,,T,,,,,,,,,,,,,,,,,,,,,,,,,
MK049249,,,T,,,,,,,,,,,,,,,,,,,,,,,,,
MK049252,,,T,,,,,,,,,,,,,,,,,,,,,,,,,
KU647676,,,T,,,,,,,,,,,,,,,,,,,,,,,,,
KU922923,,,T,,,,,,,,,,,,,,,,,,,,,,,,,
KU922960,,,T,,,,,,,,,,,,,,,,,,,,,,,,,
KY785451,,,T,,,,,,,,,,,,,,,,,,,,,,,,,
KX087102,,,T,,,,,,,,,,,,,,,,,,,,,,,,,TGTGGGGAAATCCATGGGTCT
KX156774,,,T,,,,,,,,,,,,,,,,,,,,,,,,,TGTGGGGAAATCCATGGGTCT
KX156776,,,T,,,,,,,,,,,,,,,,,,,,,,,,,TGTGGGGAAATCCATGGGTCT
KX156775,,,T,,,,,,,,,,,,,,,,,,,,,,,,,TGTGGGGAAATCCATGGGTC
KY317938,,,T,,,,,,,,,,,,,,,,,,,,,,,,,
KY317936,,,T,,,,,,,,,,,,,,,,,,,,,,,,,
KY317939,,,T,,,,,,,,,,,,,,,,,,,,,,,,,
MK049245,,,T,,,,,,,,,,,,,,,,,,,,,,,,,
MK049246,,,T,,,,,,,,,,,,,,,,,,,,,,,,,
OP898541,,,T,,,,,,,,,,,,,,,,,,,,,,,,,
OP898542,,,T,,,,,,,,,,,,,,,,,,,,,,,,,
PP431218,,,T,,,,,,,,,,,,,,,,,,,,,,,,,
PP431221,,,T,,,,,,,,,,,,,,,,,,,,,,,,,
PP431231,,,T,,,,,,,,,,,,,,,,,,,,,,,,,
PP431219,,,T,,,,,,,,,,,,,,,,,,,,,,,,,
PP431222,,,T,,,,,,,,,,,,,,,,,,,,,,,,,
PP431238,,,T,,,,,,,,,,,,,,,,,,,,,,,,,
PP431224,,,T,,,,,,,,,,,,,,,,,,,,,,,,,
PP431244,,,T,,,,,,,,,,,,,,,,,,,,,,,,,
PP431242,,,T,,,,,,,,,,,,,,,,,,,,,,,,,
PP431243,,,T,,,,,,,,,,,,,,,,,,,,,,,,,
PP431241,,,T,,,,,,,,,,,,,,,,,,,,,,,,,
PP431248,,,T,,,,,,,,,,,,,,,,,,,,,,,,,
PP431245,,,T,,,,,,,,,,,,,,,,,,,,,,,,,
PP431225,,,T,,,,,,,,,,,,,,,,,,,,,,,,,
PP431229,,,T,,,,,,,,,,,,,,,,,,,,,,,,,
PP431237,,,T,,,,,,,,,,,,,,,,,,,,,,,,,
PP431233,,,T,,,,,,,,,,,,,,,,,,,,,,,,,
PP431235,,,T,,,,,,,,,,,,,,,,,,,,,,,,,
PP431239,,,T,,,,,,,,,,,,,,,,,,,,,,,,,
PP431249,,,T,,,,,,,,,,,,,,,,,,,,,,,,,
PP431247,,,T,,,,,,,,,,,,,,,,,,,,,,,,,
PP431226,,,T,,,,,,,,,,,,,,,,,,,,,,,,,
PP431227,,,T,,,,,,,,,,,,,,,,,,,,,,,,,
KY317937,,,T,,,,,,,,,,,,,,,,,,,,,,,,,
KY317940,,,T,,,,,,,,,,,,,,,,,,,,,,,,,
KY785466,,,T,,,,,,,,,,,,,,,,,,,,,,,,,
KY785469,,,T,,,,,,,,,,,,,,,,,,,,,,,,,
KY693678,,,T,,,,,,,,,,,,,,,,,,,,,,,,,
KY693679,,,T,,,,,,,,,,,,,,,,,,,,,,,,,
KY075932,,,T,,,,,,,,,,,,,,,,,,,,,,,,,
MH513600,,,T,,,,,,,,,,,,,,,,,,,,,,,,,
KU312312,,,T,,,,,,,,,,,,,,,,,,,,,,,,,
KU758877,,,T,,,,,,,,,,,,,,,,,,,,,,,,,
KU937936,,,T,,,,,,,,,,,,,,,,,,,,,,,,,
KY785464,,,T,,,,,,,,,,,,,,,,,,,,,,,,,
KY014297,,,T,,,,,,,,,,,,,,,,,,,,,,,,,
KY785450,,,T,,,,,,,,,,,,,,,,,,,,,,,,,
KX601168,,,T,,,,,,,,,,,,,,,,,,,,,,,,,
KX087101,,,T,,,,,,,,,,,,,,,,,,,,,,,,,TGTGGGGAAATCCATGGGTC
KY785462,,,T,,,,,,,,,,,,,,,,,,,,,,,,,
KY075933,,,T,,,,,,,,,,,,,,,,,,,,,,,,,
MW165881,,,T,,,,,,,,,,,,,,,,,,,,,,,,,
MW165884,,,T,,,,,,,,,,,,,,,,,,,,,,,,,
MW165883,,,T,,,,,,,,,,,,,,,,,,,,,,,,,
MW165882,,,T,,,,,,,,,,,,,,,,,,,,,,,,,
KY785481,,,T,,,,,,,,,,,,,,,,,,,,,,,,,
KY559030,,,T,,,,,,,,,,,,,,,,,,,,,,,,,
MK241415,,,T,,,,,,,,,,,,,,,,,,,,,,,,,
MK241417,,,T,,,,,,,,,,,,,,,,,,,,,,,,,
MK241416,,,T,,,,,,,,,,,,,,,,,,,,,,,,,
MW165880,,,T,,,,,,,,,,,,,,,,,,,,,,,,,
KU955590,,,T,,,,,,,,,,,,,,,,,,,,,,,,,
KY379148,,,T,,,,,,,,,,,,,,,,,,,,,,,,,
MF167360,,,T,,,,,,,,,,,,,,,,,,,,,,,,,
MK216693,,,T,,,,,,,,,,,,,,,,,,,,,,,,,
KX548902,,,T,,,,,,,,,,,,,,,,,,,,,,,,,
MW008559,,,T,,,,,,,,,,,,,,,,,,,,,,,,,
MW123921,,,T,,,,,,,,,,,,,,,,,,,,,,,,,
MW123922,,,T,,,,,,,,,,,,,,,,,,,,,,,,,
MF098764,,,T,,,,,,,,,,,,,,,,,,,,,,,,,
MF098765,,,T,,,,,,,,,,,,,,,,,,,,,,,,,
MF098766,,,T,,,,,,,,,,,,,,,,,,,,,,,,,
MF098768,,,T,,,,,,,,,,,,,,,,,,,,,,,,,
MF098769,,,T,,,,,,,,,,,,,,,,,,,,,,,,,
KX922707,,,T,,,,,,,,,,,,,,,,,,,,,,,,,
KY014316,,,T,,,,,,,,,,,,,,,,,,,,,,,,,
KY014305,,,T,,,,,,,,,,,,,,,,,,,,,,,,,
KY785423,,,T,,,,,,,,,,,,,,,,,,,,,,,,,
KY014318,,,T,,,,,,,,,,,,,,,,,,,,,,,,,
KY785420,,,T,,,,,,,,,,,,,,,,,,,,,,,,,
KY014300,,,T,,,,,,,,,,,,,,,,,,,,,,,,,
KY785453,,,T,,,,,,,,,,,,,,,,,,,,,,,,,
LC190723,,,T,,,,,,,,,,,,,,,,,,,,,,,,,TGTGGGGAAATCCATGGG
KY785435,,,T,,,,,,,,,,,,,,,,,,,,,,,,,
KX832731,,,T,,,,,,,,,,,,,,,,,,,,,,,,,
KX922703,,,T,,,,,,,,,,,,,,,,,,,,,,,,,
KY075935,,,T,,,,,,,,,,,,,,,,,,,,,,,,,
KX922706,,,T,,,,,,,,,,,,,,,,,,,,,,,,,
KX842449,,,T,,,,,,,,,,,,,,,,,,,,,,,,,
KY014326,,,T,,,,,,,,,,,,,,,,,,,,,,,,,
KY785445,,,T,,,,,,,,,,,,,,,,,,,,,,,,,
KY785476,,,T,,,,,,,,,,,,,,,,,,,,,,,,,
KY785415,,,T,,,,,,,,,,,,,,,,,,,,,,,,,
KY785465,,,T,,,,,,,,,,,,,,,,,,,,,,,,,
KY785459,,,T,,,,,,,,,,,,,,,,,,,,,,,,,
KY014302,,,T,,,,,,,,,,,,,,,,,,,,,,,,,
KY785475,,,T,,,,,,,,,,,,,,,,,,,,,,,,,
KY014314,,,T,,,,,,,,,,,,,,,,,,,,,,,,,
KY785424,,,T,,,,,,,,,,,,,,,,,,,,,,,,,
KY785413,,,T,,,,,,,,,,,,,,,,,,,,,,,,,
KY785441,,,T,,,,,,,,,,,,,,,,,,,,,,,,,
MH063264,,,T,,,,,,,,,,,,,,,,,,,,,,,,,
KY785470,,,T,,,,,,,,,,,,,,,,,,,,,,,,,
KX421195,,,T,,,,,,,,,,,,,,,,,,,,,,,,,
OK054393,,,T,,,,,,,,,,,,,,,,,,,,,,,,,TGTGGG
OK054408,,,T,,,,,,,,,,,,,,,,,,,,,,,,,
OK054385,,,T,,,,,,,,,,,,,,,,,,,,,,,,,
OK054389,,,T,,,,,,,,,,,,,,,,,,,,,,,,,
OK054406,,,T,,,,,,,,,,,,,,,,,,,,,,,,,
OK054387,,,T,,,,,,,,,,,,,,,,,,,,,,,,,TGTGGGGAA
OK054419,,,T,,,,,,,,,,,,,,,,,,,,,,,,,
KY014315,,,T,,,,,,,,,,,,,,,,,,,,,,,,,
KY785418,,,T,,,,,,,,,,,,,,,,,,,,,,,,,
KX694534,,,T,,,,,,,,,,,,,,,,,,,,,,,,,TGTGGGGAAATCCATGGGTCT
KY014312,,,T,,,,,,,,,,,,,,,,,,,,,,,,,TGTGGGGAA
KY765317,,,T,,,,,,,,,,,,,,,,,,,,,,,,,
KY765322,,,T,,,,,,,,,,,,,,,,,,,,,,,,,
OK054396,,,T,,,,,,,,,,,,,,,,,,,,,,,,,
OK054403,,,T,,,,,,,,,,,,,,,,,,,,,,,,,
KY765321,,,T,,,,,,,,,,,,,,,,,,,,,,,,,
KY693676,,,T,,,,,,,,,,,,,,,,,,,,,,,,,
KY785414,,,T,,,,,,,,,,,,,,,,,,,,,,,,,
KY014310,,,T,,,,,,,,,,,,,,,,,,,,,,,,,
KY693677,,,T,,,,,,,,,,,,,,,,,,,,,,,,,
KY765325,,,T,,,,,,,,,,,,,,,,,,,,,,,,,
KY765327,,,T,,,,,,,,,,,,,,,,,,,,,,,,,
MF434517,,,T,,,,,,,,,,,,,,,,,,,,,,,,,
OK054383,,,T,,,,,,,,,,,,,,,,,,,,,,,,,
KY120348,,,T,,,,,,,,,,,,,,,,,,,,,,,,,
KY120349,,,T,,,,,,,,,,,,,,,,,,,,,,,,,
KY631493,,,T,,,,,,,,,,,,,,,,,,,,,,,,,
MF801395,,,T,,,,,,,,,,,,,,,,,,,,,,,,,
MF801413,,,T,,,,,,,,,,,,,,,,,,,,,,,,,
MH157213,,,T,,,,,,,,,,,,,,,,,,,,,,,,,
MH157199,,,T,,,,,,,,,,,,,,,,,,,,,,,,,
MH157202,,,T,,,,,,,,,,,,,,,,,,,,,,,,,
MH157205,,,T,,,,,,,,,,,,,,,,,,,,,,,,,
MF801398,,,T,,,,,,,,,,,,,,,,,,,,,,,,,
KY765323,,,T,,,,,,,,,,,,,,,,,,,,,,,,,
KY765326,,,T,,,,,,,,,,,,,,,,,,,,,,,,,
MK713750,,,T,,,,,,,,,,,,,,,,,,,,,,,,,
MF801384,,,T,,,,,,,,,,,,,,,,,,,,,,,,,
MF801402,,,T,,,,,,,,,,,,,,,,,,,,,,,,,
MF801387,,,T,,,,,,,,,,,,,,,,,,,,,,,,,
MF801418,,,T,,,,,,,,,,,,,,,,,,,,,,,,,
MF801389,,,T,,,,,,,,,,,,,,,,,,,,,,,,,
KY014319,,,T,,,,,,,,,,,,,,,,,,,,,,,,,
MF434521,,,T,,,,,,,,,,,,,,,,,,,,,,,,,
KY785442,,,T,,,,,,,,,,,,,,,,,,,,,,,,,
MF801410,,,T,,,,,,,,,,,,,,,,,,,,,,,,,
OK054417,,,T,,,,,,,,,,,,,,,,,,,,,,,,,
MF801417,,,T,,,,,,,,,,,,,,,,,,,,,,,,,
MF801378,,,T,,,,,,,,,,,,,,,,,,,,,,,,,
MF801403,,,T,,,,,,,,,,,,,,,,,,,,,,,,,
MF159531,,,T,,,,,,,,,,,,,,,,,,,,,,,,,
MH063262,,,T,,,,,,,,,,,,,,,,,,,,,,,,,
MF801406,,,T,,,,,,,,,,,,,,,,,,,,,,,,,
MG494697,,,T,,,,,,,,,,,,,,,,,,,,,,,,,
OK054410,,,T,,,,,,,,,,,,,,,,,,,,,,,,,TGTGGGG
MG595216,,,T,,,,,,,,,,,,,,,,,,,,,,,,,
MH157195,,,T,,,,,,,,,,,,,,,,,,,,,,,,,
MH157200,,,T,,,,,,,,,,,,,,,,,,,,,,,,,
MH157204,,,T,,,,,,,,,,,,,,,,,,,,,,,,,
KY765319,,,T,,,,,,,,,,,,,,,,,,,,,,,,,
KY765320,,,T,,,,,,,,,,,,,,,,,,,,,,,,,
MF098771,,,T,,,,,,,,,,,,,,,,,,,,,,,,,
MH157214,,,T,,,,,,,,,,,,,,,,,,,,,,,,,
MF801414,,,T,,,,,,,,,,,,,,,,,,,,,,,,,
MH157203,,,T,,,,,,,,,,,,,,,,,,,,,,,,,
MF801391,,,T,,,,,,,,,,,,,,,,,,,,,,,,,
MF801386,,,T,,,,,,,,,,,,,,,,,,,,,,,,,
KY241788,,,T,,,,,,,,,,,,,,,,,,,,,,,,,
KY441401,,,T,,,,,,,,,,,,,,,,,,,,,,,,,
KU955589,,,T,,,,,,,,,,,,,,,,,,,,,,,,,
KU997667,,,T,,,,,,,,,,,,,,,,,,,,,,,,,TGTGG
KX447521,,,T,,,,,,,,,,,,,,,,,,,,,,,,,
KY014306,,,T,,,,,,,,,,,,,,,,,,,,,,,,,
KY785461,,,T,,,,,,,,,,,,,,,,,,,,,,,,,
KY785452,,,T,,,,,,,,,,,,,,,,,,,,,,,,,
MF801420,,,T,,,,,,,,,,,,,,,,,,,,,,,,,
MH063265,,,T,,,,,,,,,,,,,,,,,,,,,,,,,
MK216713,,,T,,,,,,,,,,,,,,,,,,,,,,,,,
MK216727,,,T,,,,,,,,,,,,,,,,,,,,,,,,,
MK216730,,,T,,,,,,,,,,,,,,,,,,,,,,,,,
MK216703,,,T,,,,,,,,,,,,,,,,,,,,,,,,,
MK216716,,,T,,,,,,,,,,,,,,,,,,,,,,,,,
MK216710,,,T,,,,,,,,,,,,,,,,,,,,,,,,,
MK216712,,,T,,,,,,,,,,,,,,,,,,,,,,,,,
MK216715,,,T,,,,,,,,,,,,,,,,,,,,,,,,,
MK216717,,,T,,,,,,,,,,,,,,,,,,,,,,,,,
MK216714,,,T,,,,,,,,,,,,,,,,,,,,,,,,,
MK216745,,,T,,,,,,,,,,,,,,,,,,,,,,,,,
MK216731,,,T,,,,,,,,,,,,,,,,,,,,,,,,,
MK216694,,,T,,,,,,,,,,,,,,,,,,,,,,,,,
MK216687,,,T,,,,,,,,,,,,,,,,,,,,,,,,,
MK216743,,,T,,,,,,,,,,,,,,,,,,,,,,,,,
MK216690,,,T,,,,,,,,,,,,,,,,,,,,,,,,,
MK216699,,,T,,,,,,,,,,,,,,,,,,,,,,,,,
MK216747,,,T,,,,,,,,,,,,,,,,,,,,,,,,,
KY693680,,,T,,,,,,,,,,,,,,,,,,,,,,,,,
MK216698,,,T,,,,,,,,,,,,,,,,,,,,,,,,,
MK216706,,,T,,,,,,,,,,,,,,,,,,,,,,,,,
MK216711,,,T,,,,,,,,,,,,,,,,,,,,,,,,,
MK216732,,,T,,,,,,,,,,,,,,,,,,,,,,,,,
MK216704,,,T,,,,,,,,,,,,,,,,,,,,,,,,,
MK216707,,,T,,,,,,,,,,,,,,,,,,,,,,,,,
MK216729,,,T,,,,,,,,,,,,,,,,,,,,,,,,,
MK216718,,,T,,,,,,,,,,,,,,,,,,,,,,,,,
MK216736,,,T,,,,,,,,,,,,,,,,,,,,,,,,,
MK216748,,,T,,,,,,,,,,,,,,,,,,,,,,,,,
MK216744,,,T,,,,,,,,,,,,,,,,,,,,,,,,,
OL423649,,,T,,,,,,,,,,,,,,,,,,,,,,,,,
OL423652,,,T,,,,,,,,,,,,,,,,,,,,,,,,,
OL423654,,,T,,,,,,,,,,,,,,,,,,,,,,,,,
OL423664,,,T,,,,,,,,,,,,,,,,,,,,,,,,,
OL423648,,,T,,,,,,,,,,,,,,,,,,,,,,,,,
OL423656,,,T,,,,,,,,,,,,,,,,,,,,,,,,,
OL423651,,,T,,,,,,,,,,,,,,,,,,,,,,,,,
OL423657,,,T,,,,,,,,,,,,,,,,,,,,,,,,,
MK216741,,,T,,,,,,,,,,,,,,,,,,,,,,,,,
KY785426,,,T,,,,,,,,,,,,,,,,,,,,,,,,,
KY817930,,,T,,,,,,,,,,,,,,,,,,,,,,,,,
KY785427,,,T,,,,,,,,,,,,,,,,,,,,,,,,,
KY785471,,,T,,,,,,,,,,,,,,,,,,,,,,,,,
KY785479,,,T,,,,,,,,,,,,,,,,,,,,,,,,,
KY785433,,,T,,,,,,,,,,,,,,,,,,,,,,,,,
MK216709,,,T,,,,,,,,,,,,,,,,,,,,,,,,,
OQ727569,,,T,,,,,,,,,,,,,,,,,,,,,,,,,
KY014327,,,T,,,,,,,,,,,,,,,,,,,,,,,,,
KY785447,,,T,,,,,,,,,,,,,,,,,,,,,,,,,
MH063261,,,T,,,,,,,,,,,,,,,,,,,,,,,,,
KY785463,,,T,,,,,,,,,,,,,,,,,,,,,,,,,
KY785473,,,T,,,,,,,,,,,,,,,,,,,,,,,,,
MF098767,,,T,,,,,,,,,,,,,,,,,,,,,,,,,
KY014309,,,T,,,,,,,,,,,,,,,,,,,,,,,,,
MF098770,,,T,,,,,,,,,,,,,,,,,,,,,,,,,
KY785484,,,T,,,,,,,,,,,,,,,,,,,,,,,,,
LC219720,,,T,,,,,,,,,,,,,,,,,,,,,,,,,
KX447520,,,T,,,,,,,,,,,,,,,,,,,,,,,,,
MT377497,,,T,,,,,,,,,,,,,,,,,,,,,,,,,
MK269361,,,T,,,,,,,,,,,,,,,,,,,,,,,,,
KY241671,,,T,,,,,,,,,,,,,,,,,,,,,,,,,
KY241673,,,T,,,,,,,,,,,,,,,,,,,,,,,,,
KY241675,,,T,,,,,,,,,,,,,,,,,,,,,,,,,
KY241679,,,T,,,,,,,,,,,,,,,,,,,,,,,,,
KY241760,,,T,,,,,,,,,,,,,,,,,,,,,,,,,
KY241694,,,T,,,,,,,,,,,,,,,,,,,,,,,,,
KY241682,,,T,,,,,,,,,,,,,,,,,,,,,,,,,
KY241690,,,T,,,,,,,,,,,,,,,,,,,,,,,,,
KY241758,,,T,,,,,,,,,,,,,,,,,,,,,,,,,
KY241693,,,T,,,,,,,,,,,,,,,,,,,,,,,,,
KY241710,,,T,,,,,,,,,,,,,,,,,,,,,,,,,
KY241731,,,T,,,,,,,,,,,,,,,,,,,,,,,,,
KY241736,,,T,,,,,,,,,,,,,,,,,,,,,,,,,
KY241695,,,T,,,,,,,,,,,,,,,,,,,,,,,,,
KY241701,,,T,,,,,,,,,,,,,,,,,,,,,,,,,
KY241742,,,T,,,,,,,,,,,,,,,,,,,,,,,,,
KY241750,,,T,,,,,,,,,,,,,,,,,,,,,,,,,
KY241753,,,T,,,,,,,,,,,,,,,,,,,,,,,,,
KY241763,,,T,,,,,,,,,,,,,,,,,,,,,,,,,
KY241765,,,T,,,,,,,,,,,,,,,,,,,,,,,,,
KY241772,,,T,,,,,,,,,,,,,,,,,,,,,,,,,
KY241703,,,T,,,,,,,,,,,,,,,,,,,,,,,,,
KY241748,,,T,,,,,,,,,,,,,,,,,,,,,,,,,
KY241707,,,T,,,,,,,,,,,,,,,,,,,,,,,,,
KY241713,,,T,,,,,,,,,,,,,,,,,,,,,,,,,
KY241727,,,T,,,,,,,,,,,,,,,,,,,,,,,,,
KY241716,,,T,,,,,,,,,,,,,,,,,,,,,,,,,
KY241734,,,T,,,,,,,,,,,,,,,,,,,,,,,,,
KY241692,,,T,,,,,,,,,,,,,,,,,,,,,,,,,
KY241767,,,T,,,,,,,,,,,,,,,,,,,,,,,,,
KY241674,,,T,,,,,,,,,,,,,,,,,,,,,,,,,
KY241684,,,T,,,,,,,,,,,,,,,,,,,,,,,,,
KY241756,,,T,,,,,,,,,,,,,,,,,,,,,,,,,
KY241687,,,T,,,,,,,,,,,,,,,,,,,,,,,,,
KY241696,,,T,,,,,,,,,,,,,,,,,,,,,,,,,
KY241697,,,T,,,,,,,,,,,,,,,,,,,,,,,,,
MT377492,,,T,,,,,,,,,,,,,,,,,,,,,,,,,
OQ661913,,,T,,,,,,,,,,,,,,,,,,,,,,,,,
OQ661912,,,T,,,,,,,,,,,,,,,,,,,,,,,,,
MZ008356,,,T,,,,,,,,,,,,,,,,,,,,,,,,,
MF692778,,,T,,,,,,,,,,,,,,,,,,,,,,,,,
MH013290,,,T,,,,,,,,,,,,,,,,,,,,,,,,,
MT377495,,,T,,,,,,,,,,,,,,,,,,,,,,,,,
OM964565,,,T,,,,,,,,,,,,,,,,,,,,,,,,,
OQ661919,,,T,,,,,,,,,,,,,,,,,,,,,,,,,
OR264633,,,T,,,,,,,,,,,,,,,,,,,,,,,,,
OR264636,,,T,,,,,,,,,,,,,,,,,,,,,,,,,
OR264640,,,T,,,,,,,,,,,,,,,,,,,,,,,,,
OR264641,,,T,,,,,,,,,,,,,,,,,,,,,,,,,
ON142672,,,T,,,,,,,,,,,,,,,,,,,,,,,,,
ON142673,,,T,,,,,,,,,,,,,,,,,,,,,,,,,
OR264631,,,T,,,,,,,,,,,,,,,,,,,,,,,,,
OR264634,,,T,,,,,,,,,,,,,,,,,,,,,,,,,
OR264637,,,T,,,,,,,,,,,,,,,,,,,,,,,,,
OR264632,,,T,,,,,,,,,,,,,,,,,,,,,,,,,
OM964567,,,T,,,,,,,,,,,,,,,,,,,,,,,,,
OR264635,,,T,,,,,,,,,,,,,,,,,,,,,,,,,
OQ661917,,,T,,,,,,,,,,,,,,,,,,,,,,,,,
ON142671,,,T,,,,,,,,,,,,,,,,,,,,,,,,,
OM964566,,,T,,,,,,,,,,,,,,,,,,,,,,,,,
KY241712,,,T,,,,,,,,,,,,,,,,,,,,,,,,,
OR264638,,,T,,,,,,,,,,,,,,,,,,,,,,,,,
OR264639,,,T,,,,,,,,,,,,,,,,,,,,,,,,,
OM964568,,,T,,,,,,,,,,,,,,,,,,,,,,,,,
OR264642,,,T,,,,,,,,,,,,,,,,,,,,,,,,,
OR264644,,,T,,,,,,,,,,,,,,,,,,,,,,,,,
ON142674,,,T,,,,,,,,,,,,,,,,,,,,,,,,,
OR264643,,,T,,,,,,,,,,,,,,,,,,,,,,,,,
OR264646,,,T,,,,,,,,,,,,,,,,,,,,,,,,,
OR264647,,,T,,,,,,,,,,,,,,,,,,,,,,,,,
OR264645,,,T,,,,,,,,,,,,,,,,,,,,,,,,,
OQ734448,,,T,,,,,,,,,,,,,,,,,,,,,,,,,
OQ727573,,,T,,,,,,,,,,,,,,,,,,,,,,,,,
KY785412,,,T,,,,,,,,,,,,,,,,,,,,,,,,,
KY785419,,,T,,,,,,,,,,,,,,,,,,,,,,,,,
KY785457,,,T,,,,,,,,,,,,,,,,,,,,,,,,,
MW123923,,,T,,,,,,,,,,,,,,,,,,,,,,,,,
MW123924,,,T,,,,,,,,,,,,,,,,,,,,,,,,,
KY785456,,,T,,,,,,,,,,,,,,,,,,,,,,,,,
MK216692,,,T,,,,,,,,,,,,,,,,,,,,,,,,,
MK216691,,,T,,,,,,,,,,,,,,,,,,,,,,,,,
KX694532,,,T,,,,,,,,,,,,,,,,,,,,,,,,,TGTGGGGAAATCCATGGGTCT
MT377498,,,T,,,,,,,,,,,,,,,,,,,,,,,,,
OQ661916,,,T,,,,,,,,,,,,,,,,,,,,,,,,,
MT377503,,,T,,,,,,,,,,,,,,,,,,,,,,,,,
OQ727576,,,T,,,,,,,,,,,,,,,,,,,,,,,,,
KY325467,,,T,,,,,,,,,,,,,,,,,,,,,,,,,
PQ129494,,,T,,,,,,,,,G,,,,,,,,,,,,,,,,
PQ129495,,,T,,,,,,,,,G,,,,,,,,,,,,,,,,
PQ203661,,,T,,,,,,,,,G,,,,,,,,,,,,,,,,
OQ661915,,,T,,,,,,,,,,,,,,,,,,,,,,,,,
OK054411,,,T,,,,,,,,,,,,,,,,,,,,,,,,,
MK238037,,,T,,,,,,,,,,,,,,,,,,,,,,,,,TGTGGGGAAATCCATGG
MK238038,,,T,,,,,,,,,,,,,,,,,,,,,,,,,
PQ008648,,,T,,,,,,,,,,,,,,,,,,,,,,C,,,
PQ551086,,,T,,,,,,,,,,,,,,,,,,,,,,,,,
PQ551087,,,T,,,,,,,,,,,,,,,,,,,,,,,,,
OL423663,,,T,,,,,,,,,,,,,,,,,,,,,,,,,
OL423658,,,T,,,,,,,,,,,,,,,,,,,,,,,,,
OL423655,,,T,,,,,,,,,,,,,,,,,,,,,,,,,
MF801423,,,T,,,,,,,,,,,,,,,,,,,,,,,,,
MK829154,,,T,,,,,,,,,,,,,,,,,,,,,,,,,
KY014311,,,T,,,,,,,,,,,,,,,,,,,,,,,,,
MK216719,,,T,,,,,,,,,,,,,,,,,,,,,,,,,
MK216720,,,T,,,,,,,,,,,,,,,,,,,,,,,,,
MK216740,,,T,,,,,,,,,,,,,,,,,,,,,,,,,
MK216742,,,T,,,,,,,,,,,,,,,,,,,,,,,,,
OL423661,,,T,,,,,,,,,,,,,,,,,,,,,,,,,
MH063263,,,T,,,,,,,,,,,,,,,,,,,,,,,,,
KY785449,,,T,,,,,,,,,,,,,,,,,,,,,,,,,
OL423666,,,T,,,,,,,,,,,,,,,,,,,,,,,,,
OL423669,,,T,,,,,,,,,,,,,,,,,,,,,,,,,
OL423659,,,T,,,,,,,,,,,,,,,,,,,,,,,,,
MH157196,,,T,,,,,,,,,,,,,,,,,,,,,,,,,
MH157206,,,T,,,,,,,,,,,,,,,,,,,,,,,,,
MH157209,,,T,,,,,,,,,,,,,,,,,,,,,,,,,
MH157212,,,T,,,,,,,,,,,,,,,,,,,,,,,,,
MH157197,,,T,,,,,,,,,,,,,,,,,,,,,A,,,,
MH157210,,,T,,,,,,,,,,,,,,,,,,,,,,,,,
OK054374,,,T,,,,,,,,,,,,,,,,,,,,,,,,,
OL423660,,,T,,,,,,,,,,,,,,,,,,,,,,,,,
OL423668,,,T,,,,,,,,,,,,,,,,,,,,,,,,,
OL423662,,,T,,,,,,,,,,,,,,,,,,,,,,,,,
MH063260,,,T,,,,,,,,,,,,,,,,,,,,,,,,,
MH063259,,,T,,,,,,,,,,,,,,,,,,,,,,,,,
KY785430,,,T,,,,,,,,,,,,,,,,,,,,,,,,,
MF801385,,,T,,,,,,,,,,,,,,,,,,,,,,,,,
MF801407,,,T,,,,,,,,,,,,,,,,,,,,,,,,,
MH157207,,,T,,,,,,,T,,,,,,,,,,,,,,,,,,
MF801404,,,T,,,,,,,,,,,,,,,,,,,,,,,,,
MF434520,,,T,,,,,,,,,,,,,,,,,,,,,,,,,
KY325471,,,T,,,,,,,,,,,,,,,,,,,,,,,,,
MF434519,,,T,,,,,,,,,,,,,,,,,,,,,,,,,
KY325466,,,T,,,,,,,,,,,,,,,,,,,,,,,,,
KY785448,,,G,,,,,,,,,,,,,,,,,,,,,,,,,
OL423667,,,A,,,,,,,,,,,,,,,,,,,,,,,,,
OL423650,,,A,,,,,,,,,,,,,,,,,,,,,,,,,
MT439647,,,,A,,,,,,,,,,,,,,,,,,,,,,,,
MT439645,,,,A,,,,,,,,,,,,,,,,,,,,,,,,
KX101066,,,,,,C,,,CC,,,,,,,,,,,,,,,,,,,
KX101061,,,,,,,,,,,,,,,CTTCACTGTG,,,,,,,,,,,,,
KY606271,,,,,,,,,,,,,,,,,,,,,,,,,,,,TGTGGGGAAATC
